Workbook

Sheet Dashboard
B2: 🍷 Wine Cellar — Dashboard
B3: Live snapshot of the cellar. Everything below reads straight from the Cellar tab and updates as you add bottles.
B5: Distinct Wines | D5: Total Bottles | F5: Cellar Value (AUD) | H5: By Type
B6: =COUNTA(Cellar!$C$2:$C$1500) | D6: =SUM(Cellar!$M$2:$M$1500) | F6: =SUMPRODUCT(Cellar!$M$2:$M$1500,Cellar!$O$2:$O$1500) | H6: Red | I6: =SUMIFS(Cellar!$M$2:$M$1500,Cellar!$G$2:$G$1500,"Red")
H7: White | I7: =SUMIFS(Cellar!$M$2:$M$1500,Cellar!$G$2:$G$1500,"White")
B8: Ready to Drink | D8: ="Into Window "&(YEAR(TODAY())+1) | F8: Out of Stock | H8: Sparkling | I8: =SUMIFS(Cellar!$M$2:$M$1500,Cellar!$G$2:$G$1500,"Sparkling")
B9: =COUNTIFS(Cellar!$V$2:$V$1500,"Ready",Cellar!$M$2:$M$1500,">0")+COUNTIFS(Cellar!$V$2:$V$1500,"Drink now",Cellar!$M$2:$M$1500,">0") | D9: =COUNTIFS(Cellar!$P$2:$P$1500,YEAR(TODAY())+1,Cellar!$M$2:$M$1500,">0") | F9: =COUNTIF(Cellar!$M$2:$M$1500,0) | H9: Rosé | I9: =SUMIFS(Cellar!$M$2:$M$1500,Cellar!$G$2:$G$1500,"Rosé")
H10: Fortified | I10: =SUMIFS(Cellar!$M$2:$M$1500,Cellar!$G$2:$G$1500,"Fortified")
H11: Dessert | I11: =SUMIFS(Cellar!$M$2:$M$1500,Cellar!$G$2:$G$1500,"Dessert")
B15: ✅ Ready to drink now
B16: Producer | C16: Wine | D16: Vintage | E16: Type | F16: Qty | G16: Win Start | H16: Win End | I16: Rating
B17: =IFERROR(QUERY(Cellar!A2:AC1500,"select D,E,F,G,M,P,Q,S where (V='Ready' or V='Drink now') and M>0 order by D",0),"— nothing in this list yet —")
B31: ="📅 Coming into window in "&(YEAR(TODAY())+1)
B32: Producer | C32: Wine | D32: Vintage | E32: Type | F32: Qty | G32: Win Start | H32: Win End | I32: Rating
B33: =IFERROR(QUERY(Cellar!A2:AC1500,"select D,E,F,G,M,P,Q,S where P="&(YEAR(TODAY())+1)&" and M>0 order by D",0),"— nothing in this list yet —")
B37: 🛒 Restock / archive — quantity = 0
B38: Producer | C38: Wine | D38: Vintage | E38: Type | F38: Qty | G38: Win Start | H38: Win End | I38: Rating
B39: =IFERROR(QUERY(Cellar!A2:AC1500,"select D,E,F,G,M,P,Q,S where M=0 order by D",0),"— nothing in this list yet —")
B44: Note: the three lists above are live QUERY formulas reading straight from the Cellar tab — they update automatically as you add bottles, change quantities, or edit drinking windows. In the live Google Sheet you can also build native Data ▸ Filter views for the same criteria (see the “Rebuild Filter Views” menu item added by the Apps Script).

Sheet Cellar
A1: Photo | B1: Label Photo (URL) | C1: ID | D1: Producer | E1: Wine Name | F1: Vintage | G1: Type | H1: Grape(s) | I1: Region | J1: Country | K1: Alcohol % | L1: Bottle Size | M1: Quantity | N1: Purchase Date | O1: Purchase Price | P1: Drinking Window Start | Q1: Drinking Window End | R1: Status | S1: Personal Rating | T1: Reviews & Notes | U1: Last Updated | V1: Drink Status | W1: Halliday | X1: Hook | Y1: RP | Z1: Larkin | AA1: My Score | AB1: Others | AC1: Storage Location
A2: =IF($B2="","",IFERROR(IMAGE($B2,4,60,60),"")) | B2: https://example.com/cellar-labels/penfolds-grange.jpg | C2: 1 | D2: Penfolds | E2: Grange | F2: 2016 | G2: Red | H2: Shiraz | I2: South Australia | J2: Australia | K2: 14.5 | L2: 750ml | M2: 3 | N2: 43963 | O2: 950 | P2: 2024 | Q2: 2050 | R2: In Cellar | S2: 5 | T2: Dense, brooding Barossa/McLaren blend; still coiled. Decades ahead. | U2: 46201 | V2: =IF($M2="","",IF($M2=0,"Out of stock",IF(OR($P2="",$Q2=""),"No window",IF(YEAR(TODAY())<$P2,"Too young",IF(YEAR(TODAY())>$Q2,"Past peak",IF(YEAR(TODAY())=$Q2,"Drink now","Ready")))))) | W2: 99 | X2: 96 | Y2: 98 | Z2: 97 | AA2: 96 | AB2: Wine Spectator 97 | AC2: Rack A – Row 1
A3: =IF($B3="","",IFERROR(IMAGE($B3,4,60,60),"")) | B3: https://example.com/cellar-labels/henschke-hog.jpg | C3: 2 | D3: Henschke | E3: Hill of Grace | F3: 2015 | G3: Red | H3: Shiraz | I3: Eden Valley | J3: Australia | K3: 14 | L3: 750ml | M3: 2 | N3: 43772 | O3: 850 | P3: 2025 | Q3: 2045 | R3: In Cellar | S3: 5 | T3: Old-vine single-vineyard. Silky tannins, layered spice. A benchmark. | U3: 46201 | V3: =IF($M3="","",IF($M3=0,"Out of stock",IF(OR($P3="",$Q3=""),"No window",IF(YEAR(TODAY())<$P3,"Too young",IF(YEAR(TODAY())>$Q3,"Past peak",IF(YEAR(TODAY())=$Q3,"Drink now","Ready")))))) | W3: 98 | X3: 97 | Y3: 97 | Z3: 96 | AA3: 97 | AC3: Rack A – Row 1
A4: =IF($B4="","",IFERROR(IMAGE($B4,4,60,60),"")) | B4: https://example.com/cellar-labels/leeuwin-chard.jpg | C4: 3 | D4: Leeuwin Estate | E4: Art Series Chardonnay | F4: 2019 | G4: White | H4: Chardonnay | I4: Margaret River | J4: Australia | K4: 13.5 | L4: 750ml | M4: 6 | N4: 44638 | O4: 110 | P4: 2022 | Q4: 2032 | R4: In Cellar | S4: 5 | T4: Flinty, citrus-driven, long. Best Aus chardonnay style. | U4: 46201 | V4: =IF($M4="","",IF($M4=0,"Out of stock",IF(OR($P4="",$Q4=""),"No window",IF(YEAR(TODAY())<$P4,"Too young",IF(YEAR(TODAY())>$Q4,"Past peak",IF(YEAR(TODAY())=$Q4,"Drink now","Ready")))))) | W4: 97 | X4: 95 | Y4: 94 | Z4: 95 | AA4: 95 | AC4: Fridge – Shelf 2
A5: =IF($B5="","",IFERROR(IMAGE($B5,4,60,60),"")) | B5: https://example.com/cellar-labels/cullen-dm.jpg | C5: 4 | D5: Cullen | E5: Diana Madeline | F5: 2018 | G5: Red | H5: Cabernet Sauvignon / Merlot | I5: Margaret River | J5: Australia | K5: 14 | L5: 750ml | M5: 4 | N5: 44356 | O5: 130 | P5: 2024 | Q5: 2038 | R5: In Cellar | S5: 4 | T5: Biodynamic cabernet blend; fine gravelly tannins, cassis and herb. | U5: 46201 | V5: =IF($M5="","",IF($M5=0,"Out of stock",IF(OR($P5="",$Q5=""),"No window",IF(YEAR(TODAY())<$P5,"Too young",IF(YEAR(TODAY())>$Q5,"Past peak",IF(YEAR(TODAY())=$Q5,"Drink now","Ready")))))) | W5: 97 | X5: 96 | Y5: 95 | Z5: 96 | AA5: 94 | AC5: Rack B – Row 2
A6: =IF($B6="","",IFERROR(IMAGE($B6,4,60,60),"")) | B6: https://example.com/cellar-labels/grosset-ph.jpg | C6: 5 | D6: Grosset | E6: Polish Hill Riesling | F6: 2021 | G6: White | H6: Riesling | I6: Clare Valley | J6: Australia | K6: 12.5 | L6: 750ml | M6: 12 | N6: 44806 | O6: 55 | P6: 2023 | Q6: 2035 | R6: In Cellar | S6: 5 | T6: Racy, lime and slate, bone-dry. Ages beautifully. | U6: 46201 | V6: =IF($M6="","",IF($M6=0,"Out of stock",IF(OR($P6="",$Q6=""),"No window",IF(YEAR(TODAY())<$P6,"Too young",IF(YEAR(TODAY())>$Q6,"Past peak",IF(YEAR(TODAY())=$Q6,"Drink now","Ready")))))) | W6: 97 | X6: 96 | Z6: 95 | AA6: 95 | AC6: Fridge – Shelf 1
A7: =IF($B7="","",IFERROR(IMAGE($B7,4,60,60),"")) | B7: https://example.com/cellar-labels/chateau-margaux.jpg | C7: 6 | D7: Château Margaux | E7: Grand Vin | F7: 2015 | G7: Red | H7: Cabernet blend | I7: Bordeaux | J7: France | K7: 13.5 | L7: 750ml | M7: 2 | N7: 43393 | O7: 1200 | P7: 2027 | Q7: 2055 | R7: In Cellar | S7: 4 | T7: Classic Margaux perfume; needs time to unfurl. Just entering window. | U7: 46201 | V7: =IF($M7="","",IF($M7=0,"Out of stock",IF(OR($P7="",$Q7=""),"No window",IF(YEAR(TODAY())<$P7,"Too young",IF(YEAR(TODAY())>$Q7,"Past peak",IF(YEAR(TODAY())=$Q7,"Drink now","Ready")))))) | Y7: 99 | AB7: Vinous 98 | AC7: Rack C – Row 1
A8: =IF($B8="","",IFERROR(IMAGE($B8,4,60,60),"")) | B8: https://example.com/cellar-labels/leflaive-puligny.jpg | C8: 7 | D8: Domaine Leflaive | E8: Puligny-Montrachet | F8: 2019 | G8: White | H8: Chardonnay | I8: Burgundy | J8: France | K8: 13 | L8: 750ml | M8: 3 | N8: 44575 | O8: 350 | P8: 2023 | Q8: 2030 | R8: In Cellar | S8: 4 | T8: Nutty, mineral white Burgundy; drinking well now. | U8: 46201 | V8: =IF($M8="","",IF($M8=0,"Out of stock",IF(OR($P8="",$Q8=""),"No window",IF(YEAR(TODAY())<$P8,"Too young",IF(YEAR(TODAY())>$Q8,"Past peak",IF(YEAR(TODAY())=$Q8,"Drink now","Ready")))))) | Y8: 95 | AA8: 93 | AB8: Burghound 92 | AC8: Fridge – Shelf 2
A9: =IF($B9="","",IFERROR(IMAGE($B9,4,60,60),"")) | B9: https://example.com/cellar-labels/cloudy-bay-sb.jpg | C9: 8 | D9: Cloudy Bay | E9: Sauvignon Blanc | F9: 2022 | G9: White | H9: Sauvignon Blanc | I9: Marlborough | J9: New Zealand | K9: 13 | L9: 750ml | M9: 0 | N9: 44965 | O9: 38 | P9: 2023 | Q9: 2026 | R9: Archived | S9: 4 | T9: Zesty passionfruit and cut grass. Drink young — cellar now empty. | U9: 46201 | V9: =IF($M9="","",IF($M9=0,"Out of stock",IF(OR($P9="",$Q9=""),"No window",IF(YEAR(TODAY())<$P9,"Too young",IF(YEAR(TODAY())>$Q9,"Past peak",IF(YEAR(TODAY())=$Q9,"Drink now","Ready")))))) | W9: 92 | X9: 91 | AA9: 90 | AC9: Fridge – Shelf 3
A10: =IF($B10="","",IFERROR(IMAGE($B10,4,60,60),"")) | B10: https://example.com/cellar-labels/billecart-rose.jpg | C10: 9 | D10: Billecart-Salmon | E10: Brut Rosé | F10: NV | G10: Sparkling | H10: Pinot Noir / Chardonnay / Meunier | I10: Champagne | J10: France | K10: 12 | L10: 750ml | M10: 6 | N10: 45261 | O10: 120 | P10: 2024 | Q10: 2028 | R10: In Cellar | S10: 4 | T10: Delicate salmon-pink; red-berry finesse. Party-ready. | U10: 46201 | V10: =IF($M10="","",IF($M10=0,"Out of stock",IF(OR($P10="",$Q10=""),"No window",IF(YEAR(TODAY())<$P10,"Too young",IF(YEAR(TODAY())>$Q10,"Past peak",IF(YEAR(TODAY())=$Q10,"Drink now","Ready")))))) | Y10: 93 | AA10: 93 | AB10: Decanter 94 | AC10: Fridge – Door
A11: =IF($B11="","",IFERROR(IMAGE($B11,4,60,60),"")) | B11: https://example.com/cellar-labels/bollinger-sc.jpg | C11: 10 | D11: Bollinger | E11: Special Cuvée | F11: NV | G11: Sparkling | H11: Pinot Noir / Chardonnay / Meunier | I11: Champagne | J11: France | K11: 12 | L11: 750ml | M11: 8 | N11: 45261 | O11: 90 | P11: 2024 | Q11: 2027 | R11: In Cellar | S11: 4 | T11: Rich, biscuity house style. Everyday celebration bottle. | U11: 46201 | V11: =IF($M11="","",IF($M11=0,"Out of stock",IF(OR($P11="",$Q11=""),"No window",IF(YEAR(TODAY())<$P11,"Too young",IF(YEAR(TODAY())>$Q11,"Past peak",IF(YEAR(TODAY())=$Q11,"Drink now","Ready")))))) | Y11: 91 | AA11: 92 | AC11: Fridge – Door
A12: =IF($B12="","",IFERROR(IMAGE($B12,4,60,60),"")) | B12: https://example.com/cellar-labels/tyrrells-vat1.jpg | C12: 11 | D12: Tyrrell's | E12: Vat 1 Semillon | F12: 2017 | G12: White | H12: Semillon | I12: Hunter Valley | J12: Australia | K12: 11 | L12: 750ml | M12: 4 | N12: 43577 | O12: 70 | P12: 2027 | Q12: 2040 | R12: In Cellar | S12: 5 | T12: Low-alcohol Hunter classic; builds toast and honey with age. | U12: 46201 | V12: =IF($M12="","",IF($M12=0,"Out of stock",IF(OR($P12="",$Q12=""),"No window",IF(YEAR(TODAY())<$P12,"Too young",IF(YEAR(TODAY())>$Q12,"Past peak",IF(YEAR(TODAY())=$Q12,"Drink now","Ready")))))) | W12: 97 | X12: 96 | Z12: 95 | AC12: Rack B – Row 3
A13: =IF($B13="","",IFERROR(IMAGE($B13,4,60,60),"")) | B13: https://example.com/cellar-labels/wynns-jr.jpg | C13: 12 | D13: Wynns | E13: John Riddoch Cabernet | F13: 2018 | G13: Red | H13: Cabernet Sauvignon | I13: Coonawarra | J13: Australia | K13: 14 | L13: 750ml | M13: 6 | N13: 44438 | O13: 150 | P13: 2026 | Q13: 2040 | R13: In Cellar | S13: 4 | T13: Terra rossa cabernet; blackcurrant, mint, firm structure. | U13: 46201 | V13: =IF($M13="","",IF($M13=0,"Out of stock",IF(OR($P13="",$Q13=""),"No window",IF(YEAR(TODAY())<$P13,"Too young",IF(YEAR(TODAY())>$Q13,"Past peak",IF(YEAR(TODAY())=$Q13,"Drink now","Ready")))))) | W13: 96 | X13: 95 | Y13: 93 | Z13: 94 | AA13: 94 | AC13: Rack B – Row 1
A14: =IF($B14="","",IFERROR(IMAGE($B14,4,60,60),"")) | B14: https://example.com/cellar-labels/torbreck-runrig.jpg | C14: 13 | D14: Torbreck | E14: RunRig | F14: 2017 | G14: Red | H14: Shiraz / Viognier | I14: Barossa Valley | J14: Australia | K14: 14.5 | L14: 750ml | M14: 3 | N14: 44028 | O14: 250 | P14: 2027 | Q14: 2045 | R14: In Cellar | S14: 5 | T14: Opulent Barossa shiraz co-fermented with viognier. Just closed up. | U14: 46201 | V14: =IF($M14="","",IF($M14=0,"Out of stock",IF(OR($P14="",$Q14=""),"No window",IF(YEAR(TODAY())<$P14,"Too young",IF(YEAR(TODAY())>$Q14,"Past peak",IF(YEAR(TODAY())=$Q14,"Drink now","Ready")))))) | W14: 98 | X14: 96 | Y14: 97 | AC14: Rack A – Row 2
A15: =IF($B15="","",IFERROR(IMAGE($B15,4,60,60),"")) | B15: https://example.com/cellar-labels/sassicaia.jpg | C15: 14 | D15: Tenuta San Guido | E15: Sassicaia | F15: 2018 | G15: Red | H15: Cabernet Sauvignon / Cabernet Franc | I15: Tuscany | J15: Italy | K15: 13.5 | L15: 750ml | M15: 2 | N15: 44260 | O15: 400 | P15: 2025 | Q15: 2045 | R15: In Cellar | S15: 5 | T15: Super-Tuscan benchmark; cedar, cassis, polished tannin. | U15: 46201 | V15: =IF($M15="","",IF($M15=0,"Out of stock",IF(OR($P15="",$Q15=""),"No window",IF(YEAR(TODAY())<$P15,"Too young",IF(YEAR(TODAY())>$Q15,"Past peak",IF(YEAR(TODAY())=$Q15,"Drink now","Ready")))))) | Y15: 97 | AA15: 95 | AB15: Vinous 97 | AC15: Rack C – Row 2
A16: =IF($B16="","",IFERROR(IMAGE($B16,4,60,60),"")) | B16: https://example.com/cellar-labels/vega-sicilia.jpg | C16: 15 | D16: Vega Sicilia | E16: Único | F16: 2011 | G16: Red | H16: Tempranillo / Cabernet | I16: Ribera del Duero | J16: Spain | K16: 14 | L16: 750ml | M16: 1 | N16: 43872 | O16: 600 | P16: 2025 | Q16: 2040 | R16: Reserved | S16: 5 | T16: Legendary Spanish red; long oak ageing, savoury and complex. | U16: 46201 | V16: =IF($M16="","",IF($M16=0,"Out of stock",IF(OR($P16="",$Q16=""),"No window",IF(YEAR(TODAY())<$P16,"Too young",IF(YEAR(TODAY())>$Q16,"Past peak",IF(YEAR(TODAY())=$Q16,"Drink now","Ready")))))) | Y16: 98 | AB16: Suckling 98 | AC16: Rack C – Row 2
A17: =IF($B17="","",IFERROR(IMAGE($B17,4,60,60),"")) | B17: https://example.com/cellar-labels/taylors-tawny.jpg | C17: 16 | D17: Taylor's | E17: 20 Year Old Tawny | F17: NV | G17: Fortified | H17: Touriga / Tinta blend | I17: Douro | J17: Portugal | K17: 20 | L17: 750ml | M17: 1 | N17: 44915 | O17: 90 | P17: 2020 | Q17: 2030 | R17: In Cellar | S17: 4 | T17: Nutty, caramel, dried-fig tawny port. Open and enjoy over weeks. | U17: 46201 | V17: =IF($M17="","",IF($M17=0,"Out of stock",IF(OR($P17="",$Q17=""),"No window",IF(YEAR(TODAY())<$P17,"Too young",IF(YEAR(TODAY())>$Q17,"Past peak",IF(YEAR(TODAY())=$Q17,"Drink now","Ready")))))) | Y17: 95 | AA17: 94 | AC17: Rack D – Row 1
A18: =IF($B18="","",IFERROR(IMAGE($B18,4,60,60),"")) | B18: https://example.com/cellar-labels/dyquem.jpg | C18: 17 | D18: Château d'Yquem | E18: Sauternes | F18: 2015 | G18: Dessert | H18: Sémillon / Sauvignon Blanc | I18: Sauternes | J18: France | K18: 14 | L18: 375ml | M18: 2 | N18: 43736 | O18: 400 | P18: 2025 | Q18: 2060 | R18: In Cellar | S18: 5 | T18: Botrytis-rich; apricot, honey, saffron. Nearly immortal. | U18: 46201 | V18: =IF($M18="","",IF($M18=0,"Out of stock",IF(OR($P18="",$Q18=""),"No window",IF(YEAR(TODAY())<$P18,"Too young",IF(YEAR(TODAY())>$Q18,"Past peak",IF(YEAR(TODAY())=$Q18,"Drink now","Ready")))))) | Y18: 99 | AA18: 97 | AB18: Suckling 99 | AC18: Rack D – Row 2
A19: =IF($B19="","",IFERROR(IMAGE($B19,4,60,60),"")) | B19: https://example.com/cellar-labels/mount-mary-quintet.jpg | C19: 18 | D19: Mount Mary | E19: Quintet | F19: 2019 | G19: Red | H19: Cabernet blend | I19: Yarra Valley | J19: Australia | K19: 13.5 | L19: 750ml | M19: 0 | N19: 44685 | O19: 180 | P19: 2026 | Q19: 2038 | R19: Archived | S19: 4 | T19: Elegant, cool-climate Bordeaux blend. Restock target. | U19: 46201 | V19: =IF($M19="","",IF($M19=0,"Out of stock",IF(OR($P19="",$Q19=""),"No window",IF(YEAR(TODAY())<$P19,"Too young",IF(YEAR(TODAY())>$Q19,"Past peak",IF(YEAR(TODAY())=$Q19,"Drink now","Ready")))))) | W19: 97 | X19: 96 | Z19: 96 | AA19: 95 | AC19: Rack B – Row 2
A20: =IF($B20="","",IFERROR(IMAGE($B20,4,60,60),"")) | B20: https://example.com/cellar-labels/chandon-rose.jpg | C20: 19 | D20: Chandon | E20: Brut Rosé | F20: NV | G20: Sparkling | H20: Pinot Noir / Chardonnay | I20: Yarra Valley | J20: Australia | K20: 12.5 | L20: 750ml | M20: 0 | N20: 45240 | O20: 30 | P20: 2024 | Q20: 2027 | R20: Archived | S20: 3 | T20: Easy weeknight fizz. Buy more before summer. | U20: 46201 | V20: =IF($M20="","",IF($M20=0,"Out of stock",IF(OR($P20="",$Q20=""),"No window",IF(YEAR(TODAY())<$P20,"Too young",IF(YEAR(TODAY())>$Q20,"Past peak",IF(YEAR(TODAY())=$Q20,"Drink now","Ready")))))) | W20: 90 | X20: 89 | AA20: 89 | AC20: Fridge – Door
A21: =IF($B21="","",IFERROR(IMAGE($B21,4,60,60),"")) | V21: =IF($M21="","",IF($M21=0,"Out of stock",IF(OR($P21="",$Q21=""),"No window",IF(YEAR(TODAY())<$P21,"Too young",IF(YEAR(TODAY())>$Q21,"Past peak",IF(YEAR(TODAY())=$Q21,"Drink now","Ready"))))))
A22: =IF($B22="","",IFERROR(IMAGE($B22,4,60,60),"")) | V22: =IF($M22="","",IF($M22=0,"Out of stock",IF(OR($P22="",$Q22=""),"No window",IF(YEAR(TODAY())<$P22,"Too young",IF(YEAR(TODAY())>$Q22,"Past peak",IF(YEAR(TODAY())=$Q22,"Drink now","Ready"))))))
A23: =IF($B23="","",IFERROR(IMAGE($B23,4,60,60),"")) | V23: =IF($M23="","",IF($M23=0,"Out of stock",IF(OR($P23="",$Q23=""),"No window",IF(YEAR(TODAY())<$P23,"Too young",IF(YEAR(TODAY())>$Q23,"Past peak",IF(YEAR(TODAY())=$Q23,"Drink now","Ready"))))))
A24: =IF($B24="","",IFERROR(IMAGE($B24,4,60,60),"")) | V24: =IF($M24="","",IF($M24=0,"Out of stock",IF(OR($P24="",$Q24=""),"No window",IF(YEAR(TODAY())<$P24,"Too young",IF(YEAR(TODAY())>$Q24,"Past peak",IF(YEAR(TODAY())=$Q24,"Drink now","Ready"))))))
A25: =IF($B25="","",IFERROR(IMAGE($B25,4,60,60),"")) | V25: =IF($M25="","",IF($M25=0,"Out of stock",IF(OR($P25="",$Q25=""),"No window",IF(YEAR(TODAY())<$P25,"Too young",IF(YEAR(TODAY())>$Q25,"Past peak",IF(YEAR(TODAY())=$Q25,"Drink now","Ready"))))))
A26: =IF($B26="","",IFERROR(IMAGE($B26,4,60,60),"")) | V26: =IF($M26="","",IF($M26=0,"Out of stock",IF(OR($P26="",$Q26=""),"No window",IF(YEAR(TODAY())<$P26,"Too young",IF(YEAR(TODAY())>$Q26,"Past peak",IF(YEAR(TODAY())=$Q26,"Drink now","Ready"))))))
A27: =IF($B27="","",IFERROR(IMAGE($B27,4,60,60),"")) | V27: =IF($M27="","",IF($M27=0,"Out of stock",IF(OR($P27="",$Q27=""),"No window",IF(YEAR(TODAY())<$P27,"Too young",IF(YEAR(TODAY())>$Q27,"Past peak",IF(YEAR(TODAY())=$Q27,"Drink now","Ready"))))))
A28: =IF($B28="","",IFERROR(IMAGE($B28,4,60,60),"")) | V28: =IF($M28="","",IF($M28=0,"Out of stock",IF(OR($P28="",$Q28=""),"No window",IF(YEAR(TODAY())<$P28,"Too young",IF(YEAR(TODAY())>$Q28,"Past peak",IF(YEAR(TODAY())=$Q28,"Drink now","Ready"))))))
A29: =IF($B29="","",IFERROR(IMAGE($B29,4,60,60),"")) | V29: =IF($M29="","",IF($M29=0,"Out of stock",IF(OR($P29="",$Q29=""),"No window",IF(YEAR(TODAY())<$P29,"Too young",IF(YEAR(TODAY())>$Q29,"Past peak",IF(YEAR(TODAY())=$Q29,"Drink now","Ready"))))))
A30: =IF($B30="","",IFERROR(IMAGE($B30,4,60,60),"")) | V30: =IF($M30="","",IF($M30=0,"Out of stock",IF(OR($P30="",$Q30=""),"No window",IF(YEAR(TODAY())<$P30,"Too young",IF(YEAR(TODAY())>$Q30,"Past peak",IF(YEAR(TODAY())=$Q30,"Drink now","Ready"))))))
A31: =IF($B31="","",IFERROR(IMAGE($B31,4,60,60),"")) | V31: =IF($M31="","",IF($M31=0,"Out of stock",IF(OR($P31="",$Q31=""),"No window",IF(YEAR(TODAY())<$P31,"Too young",IF(YEAR(TODAY())>$Q31,"Past peak",IF(YEAR(TODAY())=$Q31,"Drink now","Ready"))))))
A32: =IF($B32="","",IFERROR(IMAGE($B32,4,60,60),"")) | V32: =IF($M32="","",IF($M32=0,"Out of stock",IF(OR($P32="",$Q32=""),"No window",IF(YEAR(TODAY())<$P32,"Too young",IF(YEAR(TODAY())>$Q32,"Past peak",IF(YEAR(TODAY())=$Q32,"Drink now","Ready"))))))
... A1500: =IF($B1500="","",IFERROR(IMAGE($B1500,4,60,60),"")) | V1500: =IF($M1500="","",IF($M1500=0,"Out of stock",IF(OR($P1500="",$Q1500=""),"No window",IF(YEAR(TODAY())<$P1500,"Too young",IF(YEAR(TODAY())>$Q1500,"Past peak",IF(YEAR(TODAY())=$Q1500,"Drink now","Ready"))))))

Sheet Read Me
B2: 🍷 Wine Cellar Workbook — Read Me / Hand-off
B3: This workbook is the full build: layout, dropdowns, live dashboard, and image thumbnails for your cellar. Import it into Google Sheets (File ▸ Import ▸ Upload ▸ Insert new sheet(s)) and it scales to 1,200+ bottles as-is.
B5: COLUMN LAYOUT (updated on your request)
B6: • Cellar, column A: Photo — a live thumbnail of the label, first thing you see scanning down the sheet. Column B holds the actual image URL it reads from (kept just to the right of the photo, not out of sight).
B7: • Columns C–U are your core catalogue fields (ID, Producer, Wine Name … Reviews & Notes, Last Updated), in a natural entry order. Reviews & Notes (T) is set extra-wide with word-wrap on, so rows auto-grow downward to fit most pasted reviews.
B8: • Column V is the auto-computed Drink Status, W–AB are your critic-score fields (Halliday, Hook, RP, Larkin, My Score, Others), and Storage Location is the very last column (AC), as requested.
B10: DASHBOARD
B11: KPIs plus three live QUERY-driven lists — ready to drink now, coming into window next year, zero-stock to restock/archive — that update automatically as you edit the Cellar tab, no manual refresh needed.
B13: DROPDOWNS & TIDY DATA
B14: Type, Bottle Size, Country, Status and Personal Rating use dropdown validation (rows 2–1500). Reviews & Notes stays free-text — paste critic reviews there verbatim, and record the numeric score in the matching score column (Halliday / Hook / RP / Larkin / My Score / Others) so you can sort and filter on it.
B16: DRINK STATUS (automatic)
B17: Column V reads Quantity plus Drinking Window Start/End (years) against today's date and labels each wine Ready / Drink now / Too young / Past peak / Out of stock / No window. Every row down to 1500 already has the formula. The Dashboard counts and lists read off this column.
... B34: Run Cellar ▸ Rebuild Filter Views once to create three ready-made filter views directly on the Cellar tab. This needs the Sheets API advanced service enabled once (Apps Script editor ▸ Services ▸ + ▸ Google Sheets API ▸ Add). The Dashboard's live lists work immediately either way, no setup required.
